blockname,event_id_ttl,event_id_char,event_ts,event_number
2022_06_10_abb12,PC1,access_period,231.2269005,1
2022_06_10_abb12,PC1,access_period,242.909184,2
2022_06_10_abb12,PC1,access_period,255.8710579,3
2022_06_10_abb12,PC1,access_period,271.0033203,4
2022_06_10_abb12,PC1,access_period,284.3756134,5
2022_06_10_abb12,PC1,access_period,298.4994406,6
2022_06_10_abb12,PC1,access_period,310.7402547,7
2022_06_10_abb12,PC1,access_period,323.6805018,8
2022_06_10_abb12,PC1,access_period,339.5931341,9
2022_06_10_abb12,PC1,access_period,352.3846144,10
2022_06_10_abb12,PC1,access_period,365.1724902,11
2022_06_10_abb12,PC1,access_period,376.8873779,12
2022_06_10_abb12,PC1,access_period,391.1817626,13
2022_06_10_abb12,PC1,access_period,403.786793,14
2022_06_10_abb12,PC1,access_period,418.2338765,15
2022_06_10_abb12,PC1,access_period,431.7292134,16
2022_06_10_abb12,PC1,access_period,447.3731482,17
2022_06_10_abb12,PC1,access_period,461.2725146,18
2022_06_10_abb12,PC1,access_period,472.461312,19
2022_06_10_abb12,PC1,access_period,486.5264845,20
2022_06_10_abb12,PC1,access_period,499.8773146,21
2022_06_10_abb12,PC1,access_period,512.1058406,22
2022_06_10_abb12,PC1,access_period,525.5951155,23
2022_06_10_abb12,PC1,access_period,540.008448,24
2022_06_10_abb12,PC1,access_period,552.0703488,25
2022_06_10_abb12,PC1,access_period,564.6922547,26
2022_06_10_abb12,PC1,access_period,575.9729664,27
2022_06_10_abb12,PC1,access_period,588.7832883,28
2022_06_10_abb12,PC1,access_period,601.4489395,29
2022_06_10_abb12,PC1,access_period,616.1707827,30
2022_06_10_abb12,PC1,access_period,629.2473446,31
2022_06_10_abb12,PC1,access_period,641.5766323,32
2022_06_10_abb12,PC1,access_period,653.0472346,33
2022_06_10_abb12,PC1,access_period,666.5170125,34
2022_06_10_abb12,PC1,access_period,681.632727,35
2022_06_10_abb12,PC1,access_period,694.0966912,36
2022_06_10_abb12,PC1,access_period,709.0121933,37
2022_06_10_abb12,PC1,access_period,724.1097216,38
2022_06_10_abb12,PC1,access_period,738.0467712,39
2022_06_10_abb12,PC1,access_period,750.1270221,40
2022_06_10_abb12,PC1,access_period,763.5065242,41
2022_06_10_abb12,PC1,access_period,776.5791539,42
2022_06_10_abb12,PC1,access_period,791.1194624,43
2022_06_10_abb12,PC1,access_period,806.3947571,44
2022_06_10_abb12,PC1,access_period,818.1042381,45
2022_06_10_abb12,PC1,access_period,831.8636851,46
2022_06_10_abb12,PC1,access_period,844.3441971,47
2022_06_10_abb12,PC1,access_period,859.9216128,48
2022_06_10_abb12,PC1,access_period,875.1552922,49
2022_06_10_abb12,PC1,access_period,889.8738586,50
2022_06_10_abb12,PC1,access_period,903.2092877,51
2022_06_10_abb12,PC1,access_period,918.3382733,52
2022_06_10_abb12,PC1,access_period,933.3812429,53
2022_06_10_abb12,PC1,access_period,948.9688166,54
2022_06_10_abb12,PC1,access_period,962.2816358,55
2022_06_10_abb12,PC1,access_period,975.3346048,56
2022_06_10_abb12,PC1,access_period,990.2314291,57
2022_06_10_abb12,PC1,access_period,1002.706862,58
2022_06_10_abb12,PC1,access_period,1014.572319,59
2022_06_10_abb12,PC1,access_period,1029.454725,60
2022_06_10_abb12,PC1,access_period,1045.324595,61
2022_06_10_abb12,PC1,access_period,1057.004585,62
2022_06_10_abb12,PC1,access_period,1069.791478,63
2022_06_10_abb12,PC1,access_period,1082.319503,64
2022_06_10_abb12,PC1,access_period,1096.341586,65
2022_06_10_abb12,PC1,access_period,1111.140762,66
2022_06_10_abb12,PC1,access_period,1125.05815,67
2022_06_10_abb12,PC1,access_period,1138.709627,68
2022_06_10_abb12,PC1,access_period,1150.903419,69
2022_06_10_abb12,PC1,access_period,1165.984891,70
2022_06_10_abb12,PC1,access_period,1181.862134,71
2022_06_10_abb12,PC1,access_period,1194.526147,72
2022_06_10_abb12,PC1,access_period,1207.743283,73
2022_06_10_abb12,PC1,access_period,1220.902093,74
2022_06_10_abb12,PC1,access_period,1233.228759,75
2022_06_10_abb12,PC1,access_period,1246.436393,76
2022_06_10_abb12,PC1,access_period,1258.632151,77
2022_06_10_abb12,PC1,access_period,1270.738452,78
2022_06_10_abb12,PC1,access_period,1285.230756,79
2022_06_10_abb12,PC1,access_period,1297.166172,80
2022_06_10_abb12,PC1,access_period,1309.383885,81
2022_06_10_abb12,PC1,access_period,1324.426691,82
2022_06_10_abb12,PC1,access_period,1337.785713,83
2022_06_10_abb12,PC1,access_period,1349.119017,84
2022_06_10_abb12,PC1,access_period,1362.961859,85
2022_06_10_abb12,PC1,access_period,1378.700493,86
2022_06_10_abb12,PC1,access_period,1393.437245,87
2022_06_10_abb12,PC1,access_period,1408.126157,88
2022_06_10_abb12,PC1,access_period,1423.313633,89
2022_06_10_abb12,PC1,access_period,1436.849603,90
2022_06_10_abb12,PC1,access_period,1448.467005,91
2022_06_10_abb12,PC1,access_period,1464.040161,92
2022_06_10_abb12,PC1,access_period,1476.227236,93
2022_06_10_abb12,PC1,access_period,1489.495327,94
2022_06_10_abb12,PC1,access_period,1502.084956,95
2022_06_10_abb12,PC1,access_period,1513.763308,96
2022_06_10_abb12,PC1,access_period,1525.122826,97
2022_06_10_abb12,PC1,access_period,1538.249523,98
2022_06_10_abb12,PC1,access_period,1552.5154,99
2022_06_10_abb12,PC1,access_period,1564.189,100
2022_06_10_abb12,PC0,lick,231.4497229,1
2022_06_10_abb12,PC0,lick,231.5467162,2
2022_06_10_abb12,PC0,lick,231.6700877,3
2022_06_10_abb12,PC0,lick,231.7862502,4
2022_06_10_abb12,PC0,lick,231.9409152,5
2022_06_10_abb12,PC0,lick,232.0372531,6
2022_06_10_abb12,PC0,lick,232.1919181,7
2022_06_10_abb12,PC0,lick,232.288256,8
2022_06_10_abb12,PC0,lick,232.4547174,9
2022_06_10_abb12,PC0,lick,232.5476147,10
2022_06_10_abb12,PC0,lick,232.7094886,11
2022_06_10_abb12,PC0,lick,232.8138547,12
2022_06_10_abb12,PC0,lick,232.9532826,13
2022_06_10_abb12,PC0,lick,232.98048,14
2022_06_10_abb12,PC0,lick,233.0804224,15
2022_06_10_abb12,PC0,lick,233.2196864,16
2022_06_10_abb12,PC0,lick,233.3473178,17
2022_06_10_abb12,PC0,lick,233.4903501,18
2022_06_10_abb12,PC0,lick,233.6297779,19
2022_06_10_abb12,PC0,lick,233.7610138,20
2022_06_10_abb12,PC0,lick,233.9035546,21
2022_06_10_abb12,PC0,lick,234.0429824,22
2022_06_10_abb12,PC0,lick,234.1858509,23
2022_06_10_abb12,PC0,lick,243.1611699,24
2022_06_10_abb12,PC0,lick,243.377111,25
2022_06_10_abb12,PC0,lick,243.4968781,26
2022_06_10_abb12,PC0,lick,243.6053402,27
2022_06_10_abb12,PC0,lick,243.7131469,28
2022_06_10_abb12,PC0,lick,243.8212813,29
2022_06_10_abb12,PC0,lick,243.9490765,30
2022_06_10_abb12,PC0,lick,244.0690074,31
2022_06_10_abb12,PC0,lick,244.1732096,32
2022_06_10_abb12,PC0,lick,244.296745,33
2022_06_10_abb12,PC0,lick,244.4086477,34
2022_06_10_abb12,PC0,lick,244.5249741,35
2022_06_10_abb12,PC0,lick,244.6485094,36
2022_06_10_abb12,PC0,lick,244.7720448,37
2022_06_10_abb12,PC0,lick,244.8995123,38
2022_06_10_abb12,PC0,lick,245.0115789,39
2022_06_10_abb12,PC0,lick,245.1316736,40
2022_06_10_abb12,PC0,lick,245.2589773,41
2022_06_10_abb12,PC0,lick,245.3789082,42
2022_06_10_abb12,PC0,lick,245.5178445,43
2022_06_10_abb12,PC0,lick,245.6451482,44
2022_06_10_abb12,PC0,lick,245.9045069,45
2022_06_10_abb12,PC0,lick,256.1795686,46
2022_06_10_abb12,PC0,lick,256.523305,47
2022_06_10_abb12,PC0,lick,256.6511002,48
2022_06_10_abb12,PC0,lick,256.7747994,49
2022_06_10_abb12,PC0,lick,256.8709734,50
2022_06_10_abb12,PC0,lick,257.0215424,51
2022_06_10_abb12,PC0,lick,257.1414733,52
2022_06_10_abb12,PC0,lick,257.2419072,53
2022_06_10_abb12,PC0,lick,257.3695386,54
2022_06_10_abb12,PC0,lick,257.4932378,55
2022_06_10_abb12,PC0,lick,257.6243098,56
2022_06_10_abb12,PC0,lick,257.7442406,57
2022_06_10_abb12,PC0,lick,257.8753126,58
2022_06_10_abb12,PC0,lick,258.0104806,59
2022_06_10_abb12,PC0,lick,258.1341798,60
2022_06_10_abb12,PC0,lick,258.257879,61
2022_06_10_abb12,PC0,lick,258.3851827,62
2022_06_10_abb12,PC0,lick,258.524119,63
2022_06_10_abb12,PC0,lick,258.6520781,64
2022_06_10_abb12,PC0,lick,258.7795456,65
2022_06_10_abb12,PC0,lick,271.2916787,66
2022_06_10_abb12,PC0,lick,271.4152141,67
2022_06_10_abb12,PC0,lick,271.5387494,68
2022_06_10_abb12,PC0,lick,271.6545843,69
2022_06_10_abb12,PC0,lick,271.7627187,70
2022_06_10_abb12,PC0,lick,271.8631526,71
2022_06_10_abb12,PC0,lick,271.986688,72
2022_06_10_abb12,PC0,lick,272.4924621,73
2022_06_10_abb12,PC0,lick,272.6392627,74
2022_06_10_abb12,PC0,lick,272.7359283,75
2022_06_10_abb12,PC0,lick,272.890921,76
2022_06_10_abb12,PC0,lick,272.9833267,77
2022_06_10_abb12,PC0,lick,273.1147264,78
2022_06_10_abb12,PC0,lick,273.2341658,79
2022_06_10_abb12,PC0,lick,284.6103962,80
2022_06_10_abb12,PC0,lick,284.7378637,81
2022_06_10_abb12,PC0,lick,284.8536986,82
2022_06_10_abb12,PC0,lick,284.9541325,83
2022_06_10_abb12,PC0,lick,285.0932326,84
2022_06_10_abb12,PC0,lick,285.2052992,85
2022_06_10_abb12,PC0,lick,285.336535,86
2022_06_10_abb12,PC0,lick,298.7180032,87
2022_06_10_abb12,PC0,lick,298.9380403,88
2022_06_10_abb12,PC0,lick,299.0501069,89
2022_06_10_abb12,PC0,lick,299.1816704,90
2022_06_10_abb12,PC0,lick,299.3089741,91
2022_06_10_abb12,PC0,lick,299.4367693,92
2022_06_10_abb12,PC0,lick,299.5678413,93
2022_06_10_abb12,PC0,lick,299.695145,94
2022_06_10_abb12,PC0,lick,299.8342451,95
2022_06_10_abb12,PC0,lick,299.9389389,96
2022_06_10_abb12,PC0,lick,300.0859034,97
2022_06_10_abb12,PC0,lick,300.2051789,98
2022_06_10_abb12,PC0,lick,300.3367424,99
2022_06_10_abb12,PC0,lick,300.4720742,100
2022_06_10_abb12,PC0,lick,300.6031462,101
2022_06_10_abb12,PC0,lick,300.9934131,102
2022_06_10_abb12,PC0,lick,301.2791501,103
2022_06_10_abb12,PC0,lick,301.4298829,104
2022_06_10_abb12,PC0,lick,310.9491507,105
2022_06_10_abb12,PC0,lick,311.2035942,106
2022_06_10_abb12,PC0,lick,311.4355917,107
2022_06_10_abb12,PC0,lick,311.524393,108
2022_06_10_abb12,PC0,lick,311.6906906,109
2022_06_10_abb12,PC0,lick,311.7950566,110
2022_06_10_abb12,PC0,lick,311.9454618,111
2022_06_10_abb12,PC0,lick,312.0612966,112
2022_06_10_abb12,PC0,lick,312.247255,113
2022_06_10_abb12,PC0,lick,312.3668582,114
2022_06_10_abb12,PC0,lick,312.5097267,115
2022_06_10_abb12,PC0,lick,312.5290598,116
2022_06_10_abb12,PC0,lick,312.6450586,117
2022_06_10_abb12,PC0,lick,312.7959552,118
2022_06_10_abb12,PC0,lick,312.9347277,119
2022_06_10_abb12,PC0,lick,313.0936525,120
2022_06_10_abb12,PC0,lick,313.2366848,121
2022_06_10_abb12,PC0,lick,313.3674291,122
2022_06_10_abb12,PC0,lick,313.4950605,123
2022_06_10_abb12,PC0,lick,313.6341606,124
2022_06_10_abb12,PC0,lick,323.9788544,125
2022_06_10_abb12,PC0,lick,324.0982938,126
2022_06_10_abb12,PC0,lick,324.210688,127
2022_06_10_abb12,PC0,lick,324.3299635,128
2022_06_10_abb12,PC0,lick,324.4464538,129
2022_06_10_abb12,PC0,lick,324.5658931,130
2022_06_10_abb12,PC0,lick,325.0529894,131
2022_06_10_abb12,PC0,lick,325.1724288,132
2022_06_10_abb12,PC0,lick,325.2998963,133
2022_06_10_abb12,PC0,lick,325.4352282,134
2022_06_10_abb12,PC0,lick,325.5553229,135
2022_06_10_abb12,PC0,lick,326.061097,136
2022_06_10_abb12,PC0,lick,339.8354534,137
2022_06_10_abb12,PC0,lick,339.940311,138
2022_06_10_abb12,PC0,lick,340.0676147,139
2022_06_10_abb12,PC0,lick,340.1716531,140
2022_06_10_abb12,PC0,lick,340.2917478,141
2022_06_10_abb12,PC0,lick,340.4229837,142
2022_06_10_abb12,PC0,lick,340.5502874,143
2022_06_10_abb12,PC0,lick,340.8945152,144
2022_06_10_abb12,PC0,lick,341.0409882,145
2022_06_10_abb12,PC0,lick,341.2962509,146
2022_06_10_abb12,PC0,lick,352.6197248,147
2022_06_10_abb12,PC0,lick,352.739328,148
2022_06_10_abb12,PC0,lick,352.8394342,149
2022_06_10_abb12,PC0,lick,352.955433,150
2022_06_10_abb12,PC0,lick,353.0866688,151
2022_06_10_abb12,PC0,lick,354.4431002,152
2022_06_10_abb12,PC0,lick,354.578432,153
2022_06_10_abb12,PC0,lick,354.6673971,154
2022_06_10_abb12,PC0,lick,365.4074368,155
2022_06_10_abb12,PC0,lick,365.5232717,156
2022_06_10_abb12,PC0,lick,365.650903,157
2022_06_10_abb12,PC0,lick,365.7703424,158
2022_06_10_abb12,PC0,lick,365.9132109,159
2022_06_10_abb12,PC0,lick,366.0370739,160
2022_06_10_abb12,PC0,lick,366.1607731,161
2022_06_10_abb12,PC0,lick,366.2803763,162
2022_06_10_abb12,PC0,lick,366.423081,163
2022_06_10_abb12,PC0,lick,366.5353114,164
2022_06_10_abb12,PC0,lick,366.6554061,165
2022_06_10_abb12,PC0,lick,366.7748454,166
2022_06_10_abb12,PC0,lick,366.8947763,167
2022_06_10_abb12,PC0,lick,367.02208,168
2022_06_10_abb12,PC0,lick,367.1341466,169
2022_06_10_abb12,PC0,lick,367.2498176,170
2022_06_10_abb12,PC0,lick,367.3926861,171
2022_06_10_abb12,PC0,lick,367.501312,172
2022_06_10_abb12,PC0,lick,367.6440166,173
2022_06_10_abb12,PC0,lick,367.7755802,174
2022_06_10_abb12,PC0,lick,367.9146803,175
2022_06_10_abb12,PC0,lick,368.0457523,176
2022_06_10_abb12,PC0,lick,368.1694515,177
2022_06_10_abb12,PC0,lick,377.1318272,178
2022_06_10_abb12,PC0,lick,377.220137,179
2022_06_10_abb12,PC0,lick,377.4405018,180
2022_06_10_abb12,PC0,lick,377.7842381,181
2022_06_10_abb12,PC0,lick,377.8848358,182
2022_06_10_abb12,PC0,lick,378.008535,183
2022_06_10_abb12,PC0,lick,378.1319066,184
2022_06_10_abb12,PC0,lick,378.2593741,185
2022_06_10_abb12,PC0,lick,378.3794688,186
2022_06_10_abb12,PC0,lick,378.5107046,187
2022_06_10_abb12,PC0,lick,378.6265395,188
2022_06_10_abb12,PC0,lick,378.7345101,189
2022_06_10_abb12,PC0,lick,378.8624691,190
2022_06_10_abb12,PC0,lick,378.9819085,191
2022_06_10_abb12,PC0,lick,379.1057715,192
2022_06_10_abb12,PC0,lick,379.2289792,193
2022_06_10_abb12,PC0,lick,379.3526784,194
2022_06_10_abb12,PC0,lick,379.4801459,195
2022_06_10_abb12,PC0,lick,379.7318042,196
2022_06_10_abb12,PC0,lick,379.8550118,197
2022_06_10_abb12,PC0,lick,391.4666803,198
2022_06_10_abb12,PC0,lick,391.5941478,199
2022_06_10_abb12,PC0,lick,391.713751,200
2022_06_10_abb12,PC0,lick,391.8295859,201
2022_06_10_abb12,PC0,lick,391.953449,202
2022_06_10_abb12,PC0,lick,392.3083264,203
2022_06_10_abb12,PC0,lick,392.4361216,204
2022_06_10_abb12,PC0,lick,403.9724237,205
2022_06_10_abb12,PC0,lick,404.455424,206
2022_06_10_abb12,PC0,lick,404.8374989,207
2022_06_10_abb12,PC0,lick,404.9536614,208
2022_06_10_abb12,PC0,lick,405.1002982,209
2022_06_10_abb12,PC0,lick,405.1968,210
2022_06_10_abb12,PC0,lick,405.3552333,211
2022_06_10_abb12,PC0,lick,405.451735,212
2022_06_10_abb12,PC0,lick,405.5795302,213
2022_06_10_abb12,PC0,lick,405.7109299,214
2022_06_10_abb12,PC0,lick,405.8424934,215
2022_06_10_abb12,PC0,lick,405.9732378,216
2022_06_10_abb12,PC0,lick,406.1126656,217
2022_06_10_abb12,PC0,lick,406.2514381,218
2022_06_10_abb12,PC0,lick,406.3946342,219
2022_06_10_abb12,PC0,lick,406.5298022,220
2022_06_10_abb12,PC0,lick,406.676439,221
2022_06_10_abb12,PC0,lick,418.4462131,222
2022_06_10_abb12,PC0,lick,418.5812173,223
2022_06_10_abb12,PC0,lick,418.6780467,224
2022_06_10_abb12,PC0,lick,418.8363162,225
2022_06_10_abb12,PC0,lick,418.9636198,226
2022_06_10_abb12,PC0,lick,419.0642176,227
2022_06_10_abb12,PC0,lick,420.3388928,228
2022_06_10_abb12,PC0,lick,420.4627558,229
2022_06_10_abb12,PC0,lick,420.6362624,230
2022_06_10_abb12,PC0,lick,420.7212954,231
2022_06_10_abb12,PC0,lick,420.8682598,232
2022_06_10_abb12,PC0,lick,420.9994957,233
2022_06_10_abb12,PC0,lick,431.946793,234
2022_06_10_abb12,PC0,lick,432.0554189,235
2022_06_10_abb12,PC0,lick,432.1707622,236
2022_06_10_abb12,PC0,lick,432.2829926,237
2022_06_10_abb12,PC0,lick,432.6539264,238
2022_06_10_abb12,PC0,lick,432.7697613,239
2022_06_10_abb12,PC0,lick,432.7854899,240
2022_06_10_abb12,PC0,lick,432.8005632,241
2022_06_10_abb12,PC0,lick,433.0169958,242
2022_06_10_abb12,PC0,lick,433.1292262,243
2022_06_10_abb12,PC0,lick,433.2489933,244
2022_06_10_abb12,PC0,lick,433.3802291,245
2022_06_10_abb12,PC0,lick,433.4881997,246
2022_06_10_abb12,PC0,lick,433.6122266,247
2022_06_10_abb12,PC0,lick,433.7275699,248
2022_06_10_abb12,PC0,lick,433.8594611,249
2022_06_10_abb12,PC0,lick,433.9674317,250
2022_06_10_abb12,PC0,lick,434.1024358,251
2022_06_10_abb12,PC0,lick,434.222039,252
2022_06_10_abb12,PC0,lick,434.3495066,253
2022_06_10_abb12,PC0,lick,434.6858701,254
2022_06_10_abb12,PC0,lick,447.7188506,255
2022_06_10_abb12,PC0,lick,447.8500864,256
2022_06_10_abb12,PC0,lick,448.2051277,257
2022_06_10_abb12,PC0,lick,448.6302925,258
2022_06_10_abb12,PC0,lick,448.7497318,259
2022_06_10_abb12,PC0,lick,448.8655667,260
2022_06_10_abb12,PC0,lick,448.9892659,261
2022_06_10_abb12,PC0,lick,449.113129,262
2022_06_10_abb12,PC0,lick,449.244201,263
2022_06_10_abb12,PC0,lick,449.3528269,264
2022_06_10_abb12,PC0,lick,449.4761984,265
2022_06_10_abb12,PC0,lick,449.5998976,266
2022_06_10_abb12,PC0,lick,449.7195008,267
2022_06_10_abb12,PC0,lick,449.8389402,268
2022_06_10_abb12,PC0,lick,449.9668992,269
2022_06_10_abb12,PC0,lick,450.089943,270
2022_06_10_abb12,PC0,lick,450.3525786,271
2022_06_10_abb12,PC0,lick,461.4902579,272
2022_06_10_abb12,PC0,lick,461.6136294,273
2022_06_10_abb12,PC0,lick,461.7294643,274
2022_06_10_abb12,PC0,lick,461.8338304,275
2022_06_10_abb12,PC0,lick,472.685609,276
2022_06_10_abb12,PC0,lick,472.7939072,277
2022_06_10_abb12,PC0,lick,472.9561088,278
2022_06_10_abb12,PC0,lick,473.129943,279
2022_06_10_abb12,PC0,lick,473.2841165,280
2022_06_10_abb12,PC0,lick,473.4271488,281
2022_06_10_abb12,PC0,lick,473.5510118,282
2022_06_10_abb12,PC0,lick,473.7209139,283
2022_06_10_abb12,PC0,lick,473.8560819,284
2022_06_10_abb12,PC0,lick,473.9948544,285
2022_06_10_abb12,PC0,lick,474.1460787,286
2022_06_10_abb12,PC0,lick,474.2846874,287
2022_06_10_abb12,PC0,lick,474.4549171,288
2022_06_10_abb12,PC0,lick,474.586153,289
2022_06_10_abb12,PC0,lick,474.7524506,290
2022_06_10_abb12,PC0,lick,474.8833587,291
2022_06_10_abb12,PC0,lick,475.0301594,292
2022_06_10_abb12,PC0,lick,475.1849882,293
2022_06_10_abb12,PC0,lick,475.3317888,294
2022_06_10_abb12,PC0,lick,475.3468621,295
2022_06_10_abb12,PC0,lick,486.8358144,296
2022_06_10_abb12,PC0,lick,486.9631181,297
2022_06_10_abb12,PC0,lick,487.078953,298
2022_06_10_abb12,PC0,lick,487.1831552,299
2022_06_10_abb12,PC0,lick,487.3068544,300
2022_06_10_abb12,PC0,lick,488.1378509,301
2022_06_10_abb12,PC0,lick,488.3152896,302
2022_06_10_abb12,PC0,lick,500.1196339,303
2022_06_10_abb12,PC0,lick,500.2436608,304
2022_06_10_abb12,PC0,lick,500.3283661,305
2022_06_10_abb12,PC0,lick,501.039104,306
2022_06_10_abb12,PC0,lick,501.2052378,307
2022_06_10_abb12,PC0,lick,501.4639411,308
2022_06_10_abb12,PC0,lick,501.5761715,309
2022_06_10_abb12,PC0,lick,502.2603674,310
2022_06_10_abb12,PC0,lick,502.4222413,311
2022_06_10_abb12,PC0,lick,502.5110426,312
2022_06_10_abb12,PC0,lick,502.6698035,313
2022_06_10_abb12,PC0,lick,502.7815424,314
2022_06_10_abb12,PC0,lick,512.4058317,315
2022_06_10_abb12,PC0,lick,512.5260902,316
2022_06_10_abb12,PC0,lick,512.6302925,317
2022_06_10_abb12,PC0,lick,512.8658944,318
2022_06_10_abb12,PC0,lick,512.9931981,319
2022_06_10_abb12,PC0,lick,513.2594381,320
2022_06_10_abb12,PC0,lick,513.5102771,321
2022_06_10_abb12,PC0,lick,513.6341402,322
2022_06_10_abb12,PC0,lick,514.3175168,323
2022_06_10_abb12,PC0,lick,515.0898586,324
2022_06_10_abb12,PC0,lick,525.917225,325
2022_06_10_abb12,PC0,lick,526.3187968,326
2022_06_10_abb12,PC0,lick,526.4384,327
2022_06_10_abb12,PC0,lick,526.554071,328
2022_06_10_abb12,PC0,lick,526.6743296,329
2022_06_10_abb12,PC0,lick,526.7973734,330
2022_06_10_abb12,PC0,lick,526.9250048,331
2022_06_10_abb12,PC0,lick,527.0370714,332
2022_06_10_abb12,PC0,lick,527.1529062,333
2022_06_10_abb12,PC0,lick,527.2803738,334
2022_06_10_abb12,PC0,lick,527.4078413,335
2022_06_10_abb12,PC0,lick,527.8135091,336
2022_06_10_abb12,PC0,lick,527.940649,337
2022_06_10_abb12,PC0,lick,528.0605798,338
2022_06_10_abb12,PC0,lick,528.180183,339
2022_06_10_abb12,PC0,lick,528.3192832,340
2022_06_10_abb12,PC0,lick,528.4431462,341
2022_06_10_abb12,PC0,lick,528.5706138,342
2022_06_10_abb12,PC0,lick,540.2256998,343
2022_06_10_abb12,PC0,lick,540.3915059,344
2022_06_10_abb12,PC0,lick,540.430336,345
2022_06_10_abb12,PC0,lick,540.5037363,346
2022_06_10_abb12,PC0,lick,540.6849434,347
2022_06_10_abb12,PC0,lick,540.8242074,348
2022_06_10_abb12,PC0,lick,540.9708442,349
2022_06_10_abb12,PC0,lick,541.0906112,350
2022_06_10_abb12,PC0,lick,541.2298752,351
2022_06_10_abb12,PC0,lick,541.3496422,352
2022_06_10_abb12,PC0,lick,541.5000474,353
2022_06_10_abb12,PC0,lick,541.6394752,354
2022_06_10_abb12,PC0,lick,541.7703834,355
2022_06_10_abb12,PC0,lick,541.9134157,356
2022_06_10_abb12,PC0,lick,542.0603802,357
2022_06_10_abb12,PC0,lick,542.1996442,358
2022_06_10_abb12,PC0,lick,542.342185,359
2022_06_10_abb12,PC0,lick,542.4889856,360
2022_06_10_abb12,PC0,lick,542.6357862,361
2022_06_10_abb12,PC0,lick,542.7752141,362
2022_06_10_abb12,PC0,lick,542.9180826,363
2022_06_10_abb12,PC0,lick,552.3393741,364
2022_06_10_abb12,PC0,lick,552.4897792,365
2022_06_10_abb12,PC0,lick,552.6136422,366
2022_06_10_abb12,PC0,lick,552.7411098,367
2022_06_10_abb12,PC0,lick,553.2282061,368
2022_06_10_abb12,PC0,lick,553.2396749,369
2022_06_10_abb12,PC0,lick,553.4171136,370
2022_06_10_abb12,PC0,lick,553.9774464,371
2022_06_10_abb12,PC0,lick,554.6072474,372
2022_06_10_abb12,PC0,lick,554.9934182,373
2022_06_10_abb12,PC0,lick,564.9168794,374
2022_06_10_abb12,PC0,lick,565.0676122,375
2022_06_10_abb12,PC0,lick,565.2140851,376
2022_06_10_abb12,PC0,lick,565.314519,377
2022_06_10_abb12,PC0,lick,565.4768845,378
2022_06_10_abb12,PC0,lick,565.6195891,379
2022_06_10_abb12,PC0,lick,565.8748518,380
2022_06_10_abb12,PC0,lick,566.1682893,381
2022_06_10_abb12,PC0,lick,566.3109939,382
2022_06_10_abb12,PC0,lick,566.419456,383
2022_06_10_abb12,PC0,lick,566.550528,384
2022_06_10_abb12,PC0,lick,566.6858598,385
2022_06_10_abb12,PC0,lick,566.8018586,386
2022_06_10_abb12,PC0,lick,576.2492006,387
2022_06_10_abb12,PC0,lick,576.3766682,388
2022_06_10_abb12,PC0,lick,576.4961075,389
2022_06_10_abb12,PC0,lick,576.8205107,390
2022_06_10_abb12,PC0,lick,576.9597747,391
2022_06_10_abb12,PC0,lick,577.0792141,392
2022_06_10_abb12,PC0,lick,577.2147098,393
2022_06_10_abb12,PC0,lick,577.3226803,394
2022_06_10_abb12,PC0,lick,577.4537523,395
2022_06_10_abb12,PC0,lick,577.573847,396
2022_06_10_abb12,PC0,lick,577.6972186,397
2022_06_10_abb12,PC0,lick,577.8209178,398
2022_06_10_abb12,PC0,lick,577.9365888,399
2022_06_10_abb12,PC0,lick,578.075689,400
2022_06_10_abb12,PC0,lick,578.2031565,401
2022_06_10_abb12,PC0,lick,578.3384883,402
2022_06_10_abb12,PC0,lick,578.4654643,403
2022_06_10_abb12,PC0,lick,578.5812992,404
2022_06_10_abb12,PC0,lick,578.7089306,405
2022_06_10_abb12,PC0,lick,578.8363981,406
2022_06_10_abb12,PC0,lick,588.995625,407
2022_06_10_abb12,PC0,lick,589.2390912,408
2022_06_10_abb12,PC0,lick,589.4209536,409
2022_06_10_abb12,PC0,lick,589.5210598,410
2022_06_10_abb12,PC0,lick,589.6794931,411
2022_06_10_abb12,PC0,lick,589.8225254,412
2022_06_10_abb12,PC0,lick,589.9889869,413
2022_06_10_abb12,PC0,lick,590.1044941,414
2022_06_10_abb12,PC0,lick,590.2475264,415
2022_06_10_abb12,PC0,lick,590.3672934,416
2022_06_10_abb12,PC0,lick,590.5409638,417
2022_06_10_abb12,PC0,lick,590.6803917,418
2022_06_10_abb12,PC0,lick,590.8191642,419
2022_06_10_abb12,PC0,lick,590.9697331,420
2022_06_10_abb12,PC0,lick,591.1322624,421
2022_06_10_abb12,PC0,lick,591.2980685,422
2022_06_10_abb12,PC0,lick,591.4370048,423
2022_06_10_abb12,PC0,lick,591.6150989,424
2022_06_10_abb12,PC0,lick,591.7270016,425
2022_06_10_abb12,PC0,lick,601.6907674,426
2022_06_10_abb12,PC0,lick,601.8144666,427
2022_06_10_abb12,PC0,lick,601.9688038,428
2022_06_10_abb12,PC0,lick,602.1041357,429
2022_06_10_abb12,PC0,lick,602.2157107,430
2022_06_10_abb12,PC0,lick,602.8845056,431
2022_06_10_abb12,PC0,lick,603.0352384,432
2022_06_10_abb12,PC0,lick,603.1430451,433
2022_06_10_abb12,PC0,lick,616.4158874,434
2022_06_10_abb12,PC0,lick,616.6441165,435
2022_06_10_abb12,PC0,lick,616.7483187,436
2022_06_10_abb12,PC0,lick,629.5106355,437
2022_06_10_abb12,PC0,lick,629.6343347,438
2022_06_10_abb12,PC0,lick,629.7734349,439
2022_06_10_abb12,PC0,lick,629.912535,440
2022_06_10_abb12,PC0,lick,630.0554035,441
2022_06_10_abb12,PC0,lick,630.1827072,442
2022_06_10_abb12,PC0,lick,630.2990336,443
2022_06_10_abb12,PC0,lick,630.4227328,444
2022_06_10_abb12,PC0,lick,630.5574093,445
2022_06_10_abb12,PC0,lick,630.6694758,446
2022_06_10_abb12,PC0,lick,630.7930112,447
2022_06_10_abb12,PC0,lick,630.9050778,448
2022_06_10_abb12,PC0,lick,631.0171443,449
2022_06_10_abb12,PC0,lick,631.1560806,450
2022_06_10_abb12,PC0,lick,631.2640512,451
2022_06_10_abb12,PC0,lick,631.3803776,452
2022_06_10_abb12,PC0,lick,631.5035853,453
2022_06_10_abb12,PC0,lick,631.6389171,454
2022_06_10_abb12,PC0,lick,631.770153,455
2022_06_10_abb12,PC0,lick,641.8035507,456
2022_06_10_abb12,PC0,lick,642.1471232,457
2022_06_10_abb12,PC0,lick,653.3798298,458
2022_06_10_abb12,PC0,lick,653.5303987,459
2022_06_10_abb12,PC0,lick,653.6694989,460
2022_06_10_abb12,PC0,lick,653.7894298,461
2022_06_10_abb12,PC0,lick,666.6780672,462
2022_06_10_abb12,PC0,lick,667.0142669,463
2022_06_10_abb12,PC0,lick,667.1340339,464
2022_06_10_abb12,PC0,lick,667.5549389,465
2022_06_10_abb12,PC0,lick,667.6206387,466
2022_06_10_abb12,PC0,lick,667.7715354,467
2022_06_10_abb12,PC0,lick,668.0843059,468
2022_06_10_abb12,PC0,lick,668.2003046,469
2022_06_10_abb12,PC0,lick,668.5825434,470
2022_06_10_abb12,PC0,lick,682.0421632,471
2022_06_10_abb12,PC0,lick,682.5248358,472
2022_06_10_abb12,PC0,lick,682.6791731,473
2022_06_10_abb12,PC0,lick,682.8453069,474
2022_06_10_abb12,PC0,lick,682.9765427,475
2022_06_10_abb12,PC0,lick,683.2355738,476
2022_06_10_abb12,PC0,lick,683.3440358,477
2022_06_10_abb12,PC0,lick,683.498537,478
2022_06_10_abb12,PC0,lick,683.6217446,479
2022_06_10_abb12,PC0,lick,683.7726413,480
2022_06_10_abb12,PC0,lick,683.9038771,481
2022_06_10_abb12,PC0,lick,684.0354406,482
2022_06_10_abb12,PC0,lick,684.1629082,483
2022_06_10_abb12,PC0,lick,684.29824,484
2022_06_10_abb12,PC0,lick,684.4175155,485
2022_06_10_abb12,PC0,lick,694.4147046,486
2022_06_10_abb12,PC0,lick,694.669312,487
2022_06_10_abb12,PC0,lick,694.7851469,488
2022_06_10_abb12,PC0,lick,694.9014733,489
2022_06_10_abb12,PC0,lick,695.002071,490
2022_06_10_abb12,PC0,lick,695.1252787,491
2022_06_10_abb12,PC0,lick,695.2412774,492
2022_06_10_abb12,PC0,lick,695.3651405,493
2022_06_10_abb12,PC0,lick,695.4883482,494
2022_06_10_abb12,PC0,lick,695.6202394,495
2022_06_10_abb12,PC0,lick,695.7359104,496
2022_06_10_abb12,PC0,lick,695.8633779,497
2022_06_10_abb12,PC0,lick,695.9908454,498
2022_06_10_abb12,PC0,lick,696.1145446,499
2022_06_10_abb12,PC0,lick,696.2379162,500
2022_06_10_abb12,PC0,lick,696.3580109,501
2022_06_10_abb12,PC0,lick,696.4810547,502
2022_06_10_abb12,PC0,lick,696.732713,503
2022_06_10_abb12,PC0,lick,696.8601805,504
2022_06_10_abb12,PC0,lick,696.987648,505
2022_06_10_abb12,PC0,lick,709.3105459,506
2022_06_10_abb12,PC0,lick,709.4575104,507
2022_06_10_abb12,PC0,lick,709.5733453,508
2022_06_10_abb12,PC0,lick,709.9170816,509
2022_06_10_abb12,PC0,lick,710.0486451,510
2022_06_10_abb12,PC0,lick,710.3034163,511
2022_06_10_abb12,PC0,lick,710.4271155,512
2022_06_10_abb12,PC0,lick,710.8018176,513
2022_06_10_abb12,PC0,lick,710.9248614,514
2022_06_10_abb12,PC0,lick,711.052329,515
2022_06_10_abb12,PC0,lick,711.3034957,516
2022_06_10_abb12,PC0,lick,711.4307994,517
2022_06_10_abb12,PC0,lick,711.566295,518
2022_06_10_abb12,PC0,lick,711.6937626,519
2022_06_10_abb12,PC0,lick,711.9483699,520
2022_06_10_abb12,PC0,lick,724.3179622,521
2022_06_10_abb12,PC0,lick,724.429865,522
2022_06_10_abb12,PC0,lick,724.6036992,523
2022_06_10_abb12,PC0,lick,724.7154381,524
2022_06_10_abb12,PC0,lick,724.8548659,525
2022_06_10_abb12,PC0,lick,724.8858317,526
2022_06_10_abb12,PC0,lick,724.9939661,527
2022_06_10_abb12,PC0,lick,725.1597722,528
2022_06_10_abb12,PC0,lick,725.2600422,529
2022_06_10_abb12,PC0,lick,725.4335488,530
2022_06_10_abb12,PC0,lick,725.5495475,531
2022_06_10_abb12,PC0,lick,725.6922522,532
2022_06_10_abb12,PC0,lick,725.8433126,533
2022_06_10_abb12,PC0,lick,725.9894579,534
2022_06_10_abb12,PC0,lick,726.1252813,535
2022_06_10_abb12,PC0,lick,726.2794547,536
2022_06_10_abb12,PC0,lick,726.4067584,537
2022_06_10_abb12,PC0,lick,726.5769882,538
2022_06_10_abb12,PC0,lick,726.6770944,539
2022_06_10_abb12,PC0,lick,726.8273357,540
2022_06_10_abb12,PC0,lick,726.959063,541
2022_06_10_abb12,PC0,lick,727.0904627,542
2022_06_10_abb12,PC0,lick,738.3474176,543
2022_06_10_abb12,PC0,lick,738.4907776,544
2022_06_10_abb12,PC0,lick,738.6144768,545
2022_06_10_abb12,PC0,lick,738.7303117,546
2022_06_10_abb12,PC0,lick,738.9616538,547
2022_06_10_abb12,PC0,lick,739.0774886,548
2022_06_10_abb12,PC0,lick,750.337065,549
2022_06_10_abb12,PC0,lick,750.4917299,550
2022_06_10_abb12,PC0,lick,750.5918362,551
2022_06_10_abb12,PC0,lick,750.7659981,552
2022_06_10_abb12,PC0,lick,750.8661043,553
2022_06_10_abb12,PC0,lick,751.0247014,554
2022_06_10_abb12,PC0,lick,751.1292314,555
2022_06_10_abb12,PC0,lick,751.2796365,556
2022_06_10_abb12,PC0,lick,751.395799,557
2022_06_10_abb12,PC0,lick,751.5265434,558
2022_06_10_abb12,PC0,lick,751.657943,559
2022_06_10_abb12,PC0,lick,751.7893427,560
2022_06_10_abb12,PC0,lick,751.9287706,561
2022_06_10_abb12,PC0,lick,752.0873677,562
2022_06_10_abb12,PC0,lick,752.2028749,563
2022_06_10_abb12,PC0,lick,752.3459072,564
2022_06_10_abb12,PC0,lick,752.4732109,565
2022_06_10_abb12,PC0,lick,752.6316442,566
2022_06_10_abb12,PC0,lick,752.7668122,567
2022_06_10_abb12,PC0,lick,752.8941158,568
2022_06_10_abb12,PC0,lick,753.0487808,569
2022_06_10_abb12,PC0,lick,763.7835776,570
2022_06_10_abb12,PC0,lick,763.8029107,571
2022_06_10_abb12,PC0,lick,764.0421171,572
2022_06_10_abb12,PC0,lick,764.2506854,573
2022_06_10_abb12,PC0,lick,764.3861811,574
2022_06_10_abb12,PC0,lick,764.5098803,575
2022_06_10_abb12,PC0,lick,764.6293197,576
2022_06_10_abb12,PC0,lick,764.7492506,577
2022_06_10_abb12,PC0,lick,764.8686899,578
2022_06_10_abb12,PC0,lick,765.0040218,579
2022_06_10_abb12,PC0,lick,765.1046195,580
2022_06_10_abb12,PC0,lick,765.2435558,581
2022_06_10_abb12,PC0,lick,765.4865306,582
2022_06_10_abb12,PC0,lick,776.8221286,583
2022_06_10_abb12,PC0,lick,776.94976,584
2022_06_10_abb12,PC0,lick,777.0619904,585
2022_06_10_abb12,PC0,lick,791.3404826,586
2022_06_10_abb12,PC0,lick,791.4990797,587
2022_06_10_abb12,PC0,lick,791.6532531,588
2022_06_10_abb12,PC0,lick,791.8038221,589
2022_06_10_abb12,PC0,lick,791.9199846,590
2022_06_10_abb12,PC0,lick,792.0821862,591
2022_06_10_abb12,PC0,lick,792.1824563,592
2022_06_10_abb12,PC0,lick,792.329257,593
2022_06_10_abb12,PC0,lick,792.468521,594
2022_06_10_abb12,PC0,lick,792.6108979,595
2022_06_10_abb12,PC0,lick,792.6266266,596
2022_06_10_abb12,PC0,lick,792.7732634,597
2022_06_10_abb12,PC0,lick,792.920064,598
2022_06_10_abb12,PC0,lick,793.055232,599
2022_06_10_abb12,PC0,lick,793.2175974,600
2022_06_10_abb12,PC0,lick,793.3563699,601
2022_06_10_abb12,PC0,lick,793.5152947,602
2022_06_10_abb12,PC0,lick,793.6271974,603
2022_06_10_abb12,PC0,lick,793.7739981,604
2022_06_10_abb12,PC0,lick,793.9011379,605
2022_06_10_abb12,PC0,lick,794.0481024,606
2022_06_10_abb12,PC0,lick,806.7242394,607
2022_06_10_abb12,PC0,lick,806.8712038,608
2022_06_10_abb12,PC0,lick,806.9906432,609
2022_06_10_abb12,PC0,lick,807.1143424,610
2022_06_10_abb12,PC0,lick,807.2339456,611
2022_06_10_abb12,PC0,lick,818.3172301,612
2022_06_10_abb12,PC0,lick,818.4645222,613
2022_06_10_abb12,PC0,lick,818.6227917,614
2022_06_10_abb12,PC0,lick,818.746327,615
2022_06_10_abb12,PC0,lick,818.8813312,616
2022_06_10_abb12,PC0,lick,819.4646016,617
2022_06_10_abb12,PC0,lick,819.6885709,618
2022_06_10_abb12,PC0,lick,819.8278349,619
2022_06_10_abb12,PC0,lick,832.0940442,620
2022_06_10_abb12,PC0,lick,832.2290483,621
2022_06_10_abb12,PC0,lick,832.3991142,622
2022_06_10_abb12,PC0,lick,832.5072486,623
2022_06_10_abb12,PC0,lick,832.6619136,624
2022_06_10_abb12,PC0,lick,832.8196915,625
2022_06_10_abb12,PC0,lick,832.9550234,626
2022_06_10_abb12,PC0,lick,833.0556211,627
2022_06_10_abb12,PC0,lick,833.182761,628
2022_06_10_abb12,PC0,lick,833.317929,629
2022_06_10_abb12,PC0,lick,833.453097,630
2022_06_10_abb12,PC0,lick,833.6193946,631
2022_06_10_abb12,PC0,lick,833.7314611,632
2022_06_10_abb12,PC0,lick,833.8818662,633
2022_06_10_abb12,PC0,lick,833.9980288,634
2022_06_10_abb12,PC0,lick,834.1368013,635
2022_06_10_abb12,PC0,lick,834.2755738,636
2022_06_10_abb12,PC0,lick,834.4264704,637
2022_06_10_abb12,PC0,lick,834.5616384,638
2022_06_10_abb12,PC0,lick,834.7123712,639
2022_06_10_abb12,PC0,lick,834.843607,640
2022_06_10_abb12,PC0,lick,844.6674534,641
2022_06_10_abb12,PC0,lick,844.8104858,642
2022_06_10_abb12,PC0,lick,844.9263206,643
2022_06_10_abb12,PC0,lick,845.161431,644
2022_06_10_abb12,PC0,lick,845.2774298,645
2022_06_10_abb12,PC0,lick,845.3894963,646
2022_06_10_abb12,PC0,lick,845.6599962,647
2022_06_10_abb12,PC0,lick,845.7720627,648
2022_06_10_abb12,PC0,lick,845.8995302,649
2022_06_10_abb12,PC0,lick,846.0075008,650
2022_06_10_abb12,PC0,lick,846.2548992,651
2022_06_10_abb12,PC0,lick,846.3743386,652
2022_06_10_abb12,PC0,lick,846.486569,653
2022_06_10_abb12,PC0,lick,846.6142003,654
2022_06_10_abb12,PC0,lick,846.7336397,655
2022_06_10_abb12,PC0,lick,846.861271,656
2022_06_10_abb12,PC0,lick,847.1122739,657
2022_06_10_abb12,PC0,lick,860.1413222,658
2022_06_10_abb12,PC0,lick,860.2651853,659
2022_06_10_abb12,PC0,lick,860.392489,660
2022_06_10_abb12,PC0,lick,860.5353574,661
2022_06_10_abb12,PC0,lick,860.6665933,662
2022_06_10_abb12,PC0,lick,860.7940608,663
2022_06_10_abb12,PC0,lick,861.3583258,664
2022_06_10_abb12,PC0,lick,861.4893978,665
2022_06_10_abb12,PC0,lick,875.4518426,666
2022_06_10_abb12,PC0,lick,875.5981517,667
2022_06_10_abb12,PC0,lick,875.725783,668
2022_06_10_abb12,PC0,lick,875.8457139,669
2022_06_10_abb12,PC0,lick,875.9615488,670
2022_06_10_abb12,PC0,lick,876.2975846,671
2022_06_10_abb12,PC0,lick,876.409815,672
2022_06_10_abb12,PC0,lick,876.5256499,673
2022_06_10_abb12,PC0,lick,876.6573773,674
2022_06_10_abb12,PC0,lick,876.7768166,675
2022_06_10_abb12,PC0,lick,877.1554509,676
2022_06_10_abb12,PC0,lick,877.4223462,677
2022_06_10_abb12,PC0,lick,877.5498138,678
2022_06_10_abb12,PC0,lick,877.6772813,679
2022_06_10_abb12,PC0,lick,877.800489,680
2022_06_10_abb12,PC0,lick,878.0673843,681
2022_06_10_abb12,PC0,lick,890.1137203,682
2022_06_10_abb12,PC0,lick,890.2334874,683
2022_06_10_abb12,PC0,lick,890.3493222,684
2022_06_10_abb12,PC0,lick,890.5885286,685
2022_06_10_abb12,PC0,lick,891.2415949,686
2022_06_10_abb12,PC0,lick,903.4327654,687
2022_06_10_abb12,PC0,lick,903.5603968,688
2022_06_10_abb12,PC0,lick,903.6875366,689
2022_06_10_abb12,PC0,lick,903.8422016,690
2022_06_10_abb12,PC0,lick,903.9736013,691
2022_06_10_abb12,PC0,lick,904.0818995,692
2022_06_10_abb12,PC0,lick,904.2090394,693
2022_06_10_abb12,PC0,lick,904.336343,694
2022_06_10_abb12,PC0,lick,904.4677427,695
2022_06_10_abb12,PC0,lick,904.5993062,696
2022_06_10_abb12,PC0,lick,904.7344742,697
2022_06_10_abb12,PC0,lick,904.8614502,698
2022_06_10_abb12,PC0,lick,904.9931776,699
2022_06_10_abb12,PC0,lick,905.120809,700
2022_06_10_abb12,PC0,lick,905.2517171,701
2022_06_10_abb12,PC0,lick,905.3873766,702
2022_06_10_abb12,PC0,lick,905.5220531,703
2022_06_10_abb12,PC0,lick,905.6534528,704
2022_06_10_abb12,PC0,lick,905.7928806,705
2022_06_10_abb12,PC0,lick,905.9198566,706
2022_06_10_abb12,PC0,lick,906.0594483,707
2022_06_10_abb12,PC0,lick,906.190848,708
2022_06_10_abb12,PC0,lick,918.5376666,709
2022_06_10_abb12,PC0,lick,918.6535014,710
2022_06_10_abb12,PC0,lick,918.7847373,711
2022_06_10_abb12,PC0,lick,918.904832,712
2022_06_10_abb12,PC0,lick,933.628969,713
2022_06_10_abb12,PC0,lick,933.8263962,714
2022_06_10_abb12,PC0,lick,933.9496038,715
2022_06_10_abb12,PC0,lick,949.2987904,716
2022_06_10_abb12,PC0,lick,949.4531277,717
2022_06_10_abb12,PC0,lick,949.6887296,718
2022_06_10_abb12,PC0,lick,949.8127565,719
2022_06_10_abb12,PC0,lick,949.9285914,720
2022_06_10_abb12,PC0,lick,950.0560589,721
2022_06_10_abb12,PC0,lick,950.1754982,722
2022_06_10_abb12,PC0,lick,950.4076595,723
2022_06_10_abb12,PC0,lick,950.5308672,724
2022_06_10_abb12,PC0,lick,950.6429338,725
2022_06_10_abb12,PC0,lick,950.7630285,726
2022_06_10_abb12,PC0,lick,950.8824678,727
2022_06_10_abb12,PC0,lick,951.0137037,728
2022_06_10_abb12,PC0,lick,951.1375667,729
2022_06_10_abb12,PC0,lick,951.4042982,730
2022_06_10_abb12,PC0,lick,951.5237376,731
2022_06_10_abb12,PC0,lick,951.6433408,732
2022_06_10_abb12,PC0,lick,951.7708083,733
2022_06_10_abb12,PC0,lick,951.8946714,734
2022_06_10_abb12,PC0,lick,962.5177293,735
2022_06_10_abb12,PC0,lick,962.6527334,736
2022_06_10_abb12,PC0,lick,962.7728282,737
2022_06_10_abb12,PC0,lick,962.8806349,738
2022_06_10_abb12,PC0,lick,975.5725005,739
2022_06_10_abb12,PC0,lick,975.7773005,740
2022_06_10_abb12,PC0,lick,990.5441997,741
2022_06_10_abb12,PC0,lick,990.7994624,742
2022_06_10_abb12,PC0,lick,1003.018813,743
2022_06_10_abb12,PC0,lick,1003.428086,744
2022_06_10_abb12,PC0,lick,1003.544084,745
2022_06_10_abb12,PC0,lick,1003.663524,746
2022_06_10_abb12,PC0,lick,1003.953357,747
2022_06_10_abb12,PC0,lick,1004.061327,748
2022_06_10_abb12,PC0,lick,1004.188959,749
2022_06_10_abb12,PC0,lick,1004.30463,750
2022_06_10_abb12,PC0,lick,1004.432261,751
2022_06_10_abb12,PC0,lick,1004.55596,752
2022_06_10_abb12,PC0,lick,1004.937708,753
2022_06_10_abb12,PC0,lick,1005.084836,754
2022_06_10_abb12,PC0,lick,1005.212303,755
2022_06_10_abb12,PC0,lick,1005.331743,756
2022_06_10_abb12,PC0,lick,1005.45921,757
2022_06_10_abb12,PC0,lick,1014.87362,758
2022_06_10_abb12,PC0,lick,1014.996664,759
2022_06_10_abb12,PC0,lick,1015.105126,760
2022_06_10_abb12,PC0,lick,1015.220961,761
2022_06_10_abb12,PC0,lick,1015.336796,762
2022_06_10_abb12,PC0,lick,1029.680497,763
2022_06_10_abb12,PC0,lick,1029.815828,764
2022_06_10_abb12,PC0,lick,1029.950833,765
2022_06_10_abb12,PC0,lick,1030.093865,766
2022_06_10_abb12,PC0,lick,1030.236406,767
2022_06_10_abb12,PC0,lick,1030.352732,768
2022_06_10_abb12,PC0,lick,1030.472499,769
2022_06_10_abb12,PC0,lick,1030.6193,770
2022_06_10_abb12,PC0,lick,1030.757908,771
2022_06_10_abb12,PC0,lick,1030.874071,772
2022_06_10_abb12,PC0,lick,1031.036273,773
2022_06_10_abb12,PC0,lick,1031.15178,774
2022_06_10_abb12,PC0,lick,1031.275315,775
2022_06_10_abb12,PC0,lick,1031.421952,776
2022_06_10_abb12,PC0,lick,1031.541719,777
2022_06_10_abb12,PC0,lick,1031.669678,778
2022_06_10_abb12,PC0,lick,1031.804682,779
2022_06_10_abb12,PC0,lick,1031.928218,780
2022_06_10_abb12,PC0,lick,1032.055849,781
2022_06_10_abb12,PC0,lick,1032.186757,782
2022_06_10_abb12,PC0,lick,1032.318157,783
2022_06_10_abb12,PC0,lick,1032.44972,784
2022_06_10_abb12,PC0,lick,1045.599683,785
2022_06_10_abb12,PC0,lick,1045.742387,786
2022_06_10_abb12,PC0,lick,1045.862482,787
2022_06_10_abb12,PC0,lick,1045.978317,788
2022_06_10_abb12,PC0,lick,1057.26165,789
2022_06_10_abb12,PC0,lick,1057.404518,790
2022_06_10_abb12,PC0,lick,1057.520517,791
2022_06_10_abb12,PC0,lick,1057.636352,792
2022_06_10_abb12,PC0,lick,1070.054769,793
2022_06_10_abb12,PC0,lick,1070.290534,794
2022_06_10_abb12,PC0,lick,1070.992916,795
2022_06_10_abb12,PC0,lick,1082.63424,796
2022_06_10_abb12,PC0,lick,1082.76908,797
2022_06_10_abb12,PC0,lick,1082.996982,798
2022_06_10_abb12,PC0,lick,1083.117076,799
2022_06_10_abb12,PC0,lick,1083.337441,800
2022_06_10_abb12,PC0,lick,1083.456881,801
2022_06_10_abb12,PC0,lick,1083.68511,802
2022_06_10_abb12,PC0,lick,1083.797176,803
2022_06_10_abb12,PC0,lick,1084.032778,804
2022_06_10_abb12,PC0,lick,1084.152873,805
2022_06_10_abb12,PC0,lick,1084.392079,806
2022_06_10_abb12,PC0,lick,1084.635873,807
2022_06_10_abb12,PC0,lick,1096.641741,808
2022_06_10_abb12,PC0,lick,1096.799846,809
2022_06_10_abb12,PC0,lick,1097.042985,810
2022_06_10_abb12,PC0,lick,1097.166684,811
2022_06_10_abb12,PC0,lick,1097.29792,812
2022_06_10_abb12,PC0,lick,1097.537782,813
2022_06_10_abb12,PC0,lick,1097.641984,814
2022_06_10_abb12,PC0,lick,1097.769452,815
2022_06_10_abb12,PC0,lick,1097.892659,816
2022_06_10_abb12,PC0,lick,1098.182164,817
2022_06_10_abb12,PC0,lick,1098.298491,818
2022_06_10_abb12,PC0,lick,1098.556867,819
2022_06_10_abb12,PC0,lick,1098.680566,820
2022_06_10_abb12,PC0,lick,1098.804265,821
2022_06_10_abb12,PC0,lick,1098.931896,822
2022_06_10_abb12,PC0,lick,1099.0515,823
2022_06_10_abb12,PC0,lick,1111.345725,824
2022_06_10_abb12,PC0,lick,1111.480566,825
2022_06_10_abb12,PC0,lick,1111.612293,826
2022_06_10_abb12,PC0,lick,1111.739597,827
2022_06_10_abb12,PC0,lick,1111.867228,828
2022_06_10_abb12,PC0,lick,1112.353505,829
2022_06_10_abb12,PC0,lick,1112.4736,830
2022_06_10_abb12,PC0,lick,1112.709038,831
2022_06_10_abb12,PC0,lick,1112.836506,832
2022_06_10_abb12,PC0,lick,1112.956109,833
2022_06_10_abb12,PC0,lick,1113.079808,834
2022_06_10_abb12,PC0,lick,1113.207276,835
2022_06_10_abb12,PC0,lick,1113.562481,836
2022_06_10_abb12,PC0,lick,1113.697485,837
2022_06_10_abb12,PC0,lick,1113.821348,838
2022_06_10_abb12,PC0,lick,1113.960284,839
2022_06_10_abb12,PC0,lick,1114.103153,840
2022_06_10_abb12,PC0,lick,1125.2813,841
2022_06_10_abb12,PC0,lick,1125.420073,842
2022_06_10_abb12,PC0,lick,1125.559665,843
2022_06_10_abb12,PC0,lick,1125.694833,844
2022_06_10_abb12,PC0,lick,1125.83721,845
2022_06_10_abb12,PC0,lick,1125.976474,846
2022_06_10_abb12,PC0,lick,1126.073139,847
2022_06_10_abb12,PC0,lick,1126.200771,848
2022_06_10_abb12,PC0,lick,1126.328074,849
2022_06_10_abb12,PC0,lick,1126.452101,850
2022_06_10_abb12,PC0,lick,1126.579241,851
2022_06_10_abb12,PC0,lick,1126.7149,852
2022_06_10_abb12,PC0,lick,1126.841876,853
2022_06_10_abb12,PC0,lick,1126.973276,854
2022_06_10_abb12,PC0,lick,1127.10484,855
2022_06_10_abb12,PC0,lick,1127.239844,856
2022_06_10_abb12,PC0,lick,1127.375012,857
2022_06_10_abb12,PC0,lick,1127.513948,858
2022_06_10_abb12,PC0,lick,1127.653376,859
2022_06_10_abb12,PC0,lick,1127.776911,860
2022_06_10_abb12,PC0,lick,1127.931576,861
2022_06_10_abb12,PC0,lick,1139.018465,862
2022_06_10_abb12,PC0,lick,1139.389563,863
2022_06_10_abb12,PC0,lick,1139.51703,864
2022_06_10_abb12,PC0,lick,1139.625001,865
2022_06_10_abb12,PC0,lick,1139.775734,866
2022_06_10_abb12,PC0,lick,1139.884196,867
2022_06_10_abb12,PC0,lick,1139.996426,868
2022_06_10_abb12,PC0,lick,1140.11947,869
2022_06_10_abb12,PC0,lick,1140.239729,870
2022_06_10_abb12,PC0,lick,1140.36736,871
2022_06_10_abb12,PC0,lick,1140.780237,872
2022_06_10_abb12,PC0,lick,1140.919501,873
2022_06_10_abb12,PC0,lick,1141.035336,874
2022_06_10_abb12,PC0,lick,1141.294203,875
2022_06_10_abb12,PC0,lick,1141.418066,876
2022_06_10_abb12,PC0,lick,1141.6653,877
2022_06_10_abb12,PC0,lick,1151.124275,878
2022_06_10_abb12,PC0,lick,1151.240602,879
2022_06_10_abb12,PC0,lick,1151.341036,880
2022_06_10_abb12,PC0,lick,1151.468503,881
2022_06_10_abb12,PC0,lick,1151.584174,882
2022_06_10_abb12,PC0,lick,1151.692145,883
2022_06_10_abb12,PC0,lick,1151.808471,884
2022_06_10_abb12,PC0,lick,1152.298844,885
2022_06_10_abb12,PC0,lick,1153.055949,886
2022_06_10_abb12,PC0,lick,1153.179156,887
2022_06_10_abb12,PC0,lick,1153.291223,888
2022_06_10_abb12,PC0,lick,1153.449492,889
2022_06_10_abb12,PC0,lick,1153.549763,890
2022_06_10_abb12,PC0,lick,1153.685422,891
2022_06_10_abb12,PC0,lick,1166.196081,892
2022_06_10_abb12,PC0,lick,1166.342881,893
2022_06_10_abb12,PC0,lick,1166.455439,894
2022_06_10_abb12,PC0,lick,1166.62485,895
2022_06_10_abb12,PC0,lick,1166.725612,896
2022_06_10_abb12,PC0,lick,1166.887649,897
2022_06_10_abb12,PC0,lick,1166.995784,898
2022_06_10_abb12,PC0,lick,1167.158313,899
2022_06_10_abb12,PC0,lick,1167.30495,900
2022_06_10_abb12,PC0,lick,1167.440118,901
2022_06_10_abb12,PC0,lick,1167.567913,902
2022_06_10_abb12,PC0,lick,1167.710454,903
2022_06_10_abb12,PC0,lick,1167.845458,904
2022_06_10_abb12,PC0,lick,1167.980626,905
2022_06_10_abb12,PC0,lick,1168.116449,906
2022_06_10_abb12,PC0,lick,1168.247194,907
2022_06_10_abb12,PC0,lick,1168.378757,908
2022_06_10_abb12,PC0,lick,1168.525722,909
2022_06_10_abb12,PC0,lick,1168.652861,910
2022_06_10_abb12,PC0,lick,1168.788029,911
2022_06_10_abb12,PC0,lick,1168.931389,912
2022_06_10_abb12,PC0,lick,1168.962191,913
2022_06_10_abb12,PC0,lick,1182.073815,914
2022_06_10_abb12,PC0,lick,1182.23618,915
2022_06_10_abb12,PC0,lick,1182.33301,916
2022_06_10_abb12,PC0,lick,1182.479483,917
2022_06_10_abb12,PC0,lick,1182.63382,918
2022_06_10_abb12,PC0,lick,1182.796186,919
2022_06_10_abb12,PC0,lick,1183.244124,920
2022_06_10_abb12,PC0,lick,1183.37962,921
2022_06_10_abb12,PC0,lick,1194.820731,922
2022_06_10_abb12,PC0,lick,1194.959831,923
2022_06_10_abb12,PC0,lick,1195.075502,924
2022_06_10_abb12,PC0,lick,1195.292262,925
2022_06_10_abb12,PC0,lick,1195.531633,926
2022_06_10_abb12,PC0,lick,1195.647468,927
2022_06_10_abb12,PC0,lick,1195.759534,928
2022_06_10_abb12,PC0,lick,1195.883397,929
2022_06_10_abb12,PC0,lick,1196.003,930
2022_06_10_abb12,PC0,lick,1196.12244,931
2022_06_10_abb12,PC0,lick,1196.377702,932
2022_06_10_abb12,PC0,lick,1196.497633,933
2022_06_10_abb12,PC0,lick,1196.617236,934
2022_06_10_abb12,PC0,lick,1196.868239,935
2022_06_10_abb12,PC0,lick,1196.995543,936
2022_06_10_abb12,PC0,lick,1197.25097,937
2022_06_10_abb12,PC0,lick,1197.505577,938
2022_06_10_abb12,PC0,lick,1207.971185,939
2022_06_10_abb12,PC0,lick,1208.095212,940
2022_06_10_abb12,PC0,lick,1208.23038,941
2022_06_10_abb12,PC0,lick,1208.361779,942
2022_06_10_abb12,PC0,lick,1208.461885,943
2022_06_10_abb12,PC0,lick,1208.593121,944
2022_06_10_abb12,PC0,lick,1208.720916,945
2022_06_10_abb12,PC0,lick,1208.85248,946
2022_06_10_abb12,PC0,lick,1208.983388,947
2022_06_10_abb12,PC0,lick,1209.119048,948
2022_06_10_abb12,PC0,lick,1209.254216,949
2022_06_10_abb12,PC0,lick,1209.389384,950
2022_06_10_abb12,PC0,lick,1209.52062,951
2022_06_10_abb12,PC0,lick,1209.540116,952
2022_06_10_abb12,PC0,lick,1209.663816,953
2022_06_10_abb12,PC0,lick,1209.806684,954
2022_06_10_abb12,PC0,lick,1209.933824,955
2022_06_10_abb12,PC0,lick,1210.080788,956
2022_06_10_abb12,PC0,lick,1210.227589,957
2022_06_10_abb12,PC0,lick,1210.351124,958
2022_06_10_abb12,PC0,lick,1210.505953,959
2022_06_10_abb12,PC0,lick,1210.644726,960
2022_06_10_abb12,PC0,lick,1221.129667,961
2022_06_10_abb12,PC0,lick,1221.24927,962
2022_06_10_abb12,PC0,lick,1221.372477,963
2022_06_10_abb12,PC0,lick,1221.503713,964
2022_06_10_abb12,PC0,lick,1221.612339,965
2022_06_10_abb12,PC0,lick,1233.466163,966
2022_06_10_abb12,PC0,lick,1233.589699,967
2022_06_10_abb12,PC0,lick,1233.716838,968
2022_06_10_abb12,PC0,lick,1233.821204,969
2022_06_10_abb12,PC0,lick,1246.684938,970
2022_06_10_abb12,PC0,lick,1246.897766,971
2022_06_10_abb12,PC0,lick,1258.906092,972
2022_06_10_abb12,PC0,lick,1259.164959,973
2022_06_10_abb12,PC0,lick,1259.284562,974
2022_06_10_abb12,PC0,lick,1259.388273,975
2022_06_10_abb12,PC0,lick,1259.500667,976
2022_06_10_abb12,PC0,lick,1259.643535,977
2022_06_10_abb12,PC0,lick,1259.894538,978
2022_06_10_abb12,PC0,lick,1271.02124,979
2022_06_10_abb12,PC0,lick,1271.261266,980
2022_06_10_abb12,PC0,lick,1271.376609,981
2022_06_10_abb12,PC0,lick,1285.514527,982
2022_06_10_abb12,PC0,lick,1285.881201,983
2022_06_10_abb12,PC0,lick,1285.993595,984
2022_06_10_abb12,PC0,lick,1286.120571,985
2022_06_10_abb12,PC0,lick,1286.229033,986
2022_06_10_abb12,PC0,lick,1286.472172,987
2022_06_10_abb12,PC0,lick,1286.58817,988
2022_06_10_abb12,PC0,lick,1286.708101,989
2022_06_10_abb12,PC0,lick,1286.827704,990
2022_06_10_abb12,PC0,lick,1286.962545,991
2022_06_10_abb12,PC0,lick,1287.090176,992
2022_06_10_abb12,PC0,lick,1287.209779,993
2022_06_10_abb12,PC0,lick,1287.333806,994
2022_06_10_abb12,PC0,lick,1287.723581,995
2022_06_10_abb12,PC0,lick,1287.905116,996
2022_06_10_abb12,PC0,lick,1288.044216,997
2022_06_10_abb12,PC0,lick,1288.167588,998
2022_06_10_abb12,PC0,lick,1297.37687,999
2022_06_10_abb12,PC0,lick,1297.488773,1000
2022_06_10_abb12,PC0,lick,1297.627709,1001
2022_06_10_abb12,PC0,lick,1297.755177,1002
2022_06_10_abb12,PC0,lick,1297.786143,1003
2022_06_10_abb12,PC0,lick,1297.890673,1004
2022_06_10_abb12,PC0,lick,1298.021745,1005
2022_06_10_abb12,PC0,lick,1298.153308,1006
2022_06_10_abb12,PC0,lick,1298.280448,1007
2022_06_10_abb12,PC0,lick,1298.407752,1008
2022_06_10_abb12,PC0,lick,1298.546688,1009
2022_06_10_abb12,PC0,lick,1298.685624,1010
2022_06_10_abb12,PC0,lick,1298.81686,1011
2022_06_10_abb12,PC0,lick,1298.963661,1012
2022_06_10_abb12,PC0,lick,1299.11423,1013
2022_06_10_abb12,PC0,lick,1299.257262,1014
2022_06_10_abb12,PC0,lick,1299.415204,1015
2022_06_10_abb12,PC0,lick,1299.538903,1016
2022_06_10_abb12,PC0,lick,1299.689472,1017
2022_06_10_abb12,PC0,lick,1299.724698,1018
2022_06_10_abb12,PC0,lick,1299.828736,1019
2022_06_10_abb12,PC0,lick,1299.964068,1020
2022_06_10_abb12,PC0,lick,1300.087767,1021
2022_06_10_abb12,PC0,lick,1309.62391,1022
2022_06_10_abb12,PC0,lick,1309.739418,1023
2022_06_10_abb12,PC0,lick,1309.851648,1024
2022_06_10_abb12,PC0,lick,1309.952082,1025
2022_06_10_abb12,PC0,lick,1310.079713,1026
2022_06_10_abb12,PC0,lick,1324.665897,1027
2022_06_10_abb12,PC0,lick,1324.866437,1028
2022_06_10_abb12,PC0,lick,1324.994232,1029
2022_06_10_abb12,PC0,lick,1338.019512,1030
2022_06_10_abb12,PC0,lick,1338.135511,1031
2022_06_10_abb12,PC0,lick,1338.247578,1032
2022_06_10_abb12,PC0,lick,1338.367181,1033
2022_06_10_abb12,PC0,lick,1338.479411,1034
2022_06_10_abb12,PC0,lick,1338.603274,1035
2022_06_10_abb12,PC0,lick,1338.834616,1036
2022_06_10_abb12,PC0,lick,1339.078246,1037
2022_06_10_abb12,PC0,lick,1339.213251,1038
2022_06_10_abb12,PC0,lick,1339.325645,1039
2022_06_10_abb12,PC0,lick,1339.464253,1040
2022_06_10_abb12,PC0,lick,1339.591721,1041
2022_06_10_abb12,PC0,lick,1339.808481,1042
2022_06_10_abb12,PC0,lick,1340.576891,1043
2022_06_10_abb12,PC0,lick,1340.712387,1044
2022_06_10_abb12,PC0,lick,1349.377556,1045
2022_06_10_abb12,PC0,lick,1349.516657,1046
2022_06_10_abb12,PC0,lick,1349.651825,1047
2022_06_10_abb12,PC0,lick,1349.756355,1048
2022_06_10_abb12,PC0,lick,1349.922324,1049
2022_06_10_abb12,PC0,lick,1350.05012,1050
2022_06_10_abb12,PC0,lick,1350.153994,1051
2022_06_10_abb12,PC0,lick,1350.285722,1052
2022_06_10_abb12,PC0,lick,1350.416957,1053
2022_06_10_abb12,PC0,lick,1350.555894,1054
2022_06_10_abb12,PC0,lick,1350.582764,1055
2022_06_10_abb12,PC0,lick,1350.694666,1056
2022_06_10_abb12,PC0,lick,1350.822461,1057
2022_06_10_abb12,PC0,lick,1350.957138,1058
2022_06_10_abb12,PC0,lick,1351.088701,1059
2022_06_10_abb12,PC0,lick,1351.232061,1060
2022_06_10_abb12,PC0,lick,1351.362806,1061
2022_06_10_abb12,PC0,lick,1351.53664,1062
2022_06_10_abb12,PC0,lick,1351.656571,1063
2022_06_10_abb12,PC0,lick,1351.795507,1064
2022_06_10_abb12,PC0,lick,1351.935099,1065
2022_06_10_abb12,PC0,lick,1352.073871,1066
2022_06_10_abb12,PC0,lick,1363.238257,1067
2022_06_10_abb12,PC0,lick,1363.485819,1068
2022_06_10_abb12,PC0,lick,1363.717161,1069
2022_06_10_abb12,PC0,lick,1363.829555,1070
2022_06_10_abb12,PC0,lick,1364.087931,1071
2022_06_10_abb12,PC0,lick,1364.207698,1072
2022_06_10_abb12,PC0,lick,1364.327465,1073
2022_06_10_abb12,PC0,lick,1364.567327,1074
2022_06_10_abb12,PC0,lick,1364.814234,1075
2022_06_10_abb12,PC0,lick,1364.938097,1076
2022_06_10_abb12,PC0,lick,1365.061468,1077
2022_06_10_abb12,PC0,lick,1365.304607,1078
2022_06_10_abb12,PC0,lick,1365.683405,1079
2022_06_10_abb12,PC0,lick,1365.957181,1080
2022_06_10_abb12,PC0,lick,1379.006054,1081
2022_06_10_abb12,PC0,lick,1379.14155,1082
2022_06_10_abb12,PC0,lick,1379.257549,1083
2022_06_10_abb12,PC0,lick,1379.365519,1084
2022_06_10_abb12,PC0,lick,1393.645486,1085
2022_06_10_abb12,PC0,lick,1393.799987,1086
2022_06_10_abb12,PC0,lick,1393.892393,1087
2022_06_10_abb12,PC0,lick,1394.062623,1088
2022_06_10_abb12,PC0,lick,1394.162893,1089
2022_06_10_abb12,PC0,lick,1394.29036,1090
2022_06_10_abb12,PC0,lick,1394.425528,1091
2022_06_10_abb12,PC0,lick,1394.557092,1092
2022_06_10_abb12,PC0,lick,1394.696028,1093
2022_06_10_abb12,PC0,lick,1394.831196,1094
2022_06_10_abb12,PC0,lick,1394.974228,1095
2022_06_10_abb12,PC0,lick,1395.113165,1096
2022_06_10_abb12,PC0,lick,1395.282903,1097
2022_06_10_abb12,PC0,lick,1395.406602,1098
2022_06_10_abb12,PC0,lick,1395.572572,1099
2022_06_10_abb12,PC0,lick,1395.70774,1100
2022_06_10_abb12,PC0,lick,1395.854705,1101
2022_06_10_abb12,PC0,lick,1395.989873,1102
2022_06_10_abb12,PC0,lick,1396.125204,1103
2022_06_10_abb12,PC0,lick,1396.267909,1104
2022_06_10_abb12,PC0,lick,1396.406845,1105
2022_06_10_abb12,PC0,lick,1408.359465,1106
2022_06_10_abb12,PC0,lick,1408.479068,1107
2022_06_10_abb12,PC0,lick,1408.699433,1108
2022_06_10_abb12,PC0,lick,1423.679324,1109
2022_06_10_abb12,PC0,lick,1424.026993,1110
2022_06_10_abb12,PC0,lick,1424.147251,1111
2022_06_10_abb12,PC0,lick,1424.270623,1112
2022_06_10_abb12,PC0,lick,1424.382362,1113
2022_06_10_abb12,PC0,lick,1424.494592,1114
2022_06_10_abb12,PC0,lick,1424.610591,1115
2022_06_10_abb12,PC0,lick,1424.989389,1116
2022_06_10_abb12,PC0,lick,1425.11276,1117
2022_06_10_abb12,PC0,lick,1425.236623,1118
2022_06_10_abb12,PC0,lick,1425.364255,1119
2022_06_10_abb12,PC0,lick,1425.626399,1120
2022_06_10_abb12,PC0,lick,1426.005197,1121
2022_06_10_abb12,PC0,lick,1437.061284,1122
2022_06_10_abb12,PC0,lick,1437.203661,1123
2022_06_10_abb12,PC0,lick,1438.470636,1124
2022_06_10_abb12,PC0,lick,1448.586772,1125
2022_06_10_abb12,PC0,lick,1448.907571,1126
2022_06_10_abb12,PC0,lick,1449.096479,1127
2022_06_10_abb12,PC0,lick,1449.436283,1128
2022_06_10_abb12,PC0,lick,1449.664676,1129
2022_06_10_abb12,PC0,lick,1449.795912,1130
2022_06_10_abb12,PC0,lick,1449.91191,1131
2022_06_10_abb12,PC0,lick,1450.155213,1132
2022_06_10_abb12,PC0,lick,1450.394255,1133
2022_06_10_abb12,PC0,lick,1450.645258,1134
2022_06_10_abb12,PC0,lick,1450.77289,1135
2022_06_10_abb12,PC0,lick,1451.170529,1136
2022_06_10_abb12,PC0,lick,1451.309957,1137
2022_06_10_abb12,PC0,lick,1476.481352,1138
2022_06_10_abb12,PC0,lick,1476.697948,1139
2022_06_10_abb12,PC0,lick,1489.764844,1140
2022_06_10_abb12,PC0,lick,1489.880678,1141
2022_06_10_abb12,PC0,lick,1490.007982,1142
2022_06_10_abb12,PC0,lick,1490.123817,1143
2022_06_10_abb12,PC0,lick,1490.262589,1144
2022_06_10_abb12,PC0,lick,1490.386289,1145
2022_06_10_abb12,PC0,lick,1490.486559,1146
2022_06_10_abb12,PC0,lick,1490.610258,1147
2022_06_10_abb12,PC0,lick,1490.730189,1148
2022_06_10_abb12,PC0,lick,1490.861097,1149
2022_06_10_abb12,PC0,lick,1490.989056,1150
2022_06_10_abb12,PC0,lick,1491.11636,1151
2022_06_10_abb12,PC0,lick,1491.239895,1152
2022_06_10_abb12,PC0,lick,1491.370967,1153
2022_06_10_abb12,PC0,lick,1491.522028,1154
2022_06_10_abb12,PC0,lick,1492.03157,1155
2022_06_10_abb12,PC0,lick,1492.236042,1156
2022_06_10_abb12,PC0,lick,1492.363837,1157
2022_06_10_abb12,PC0,lick,1525.334835,1158
2022_06_10_abb12,PC0,lick,1525.489172,1159
2022_06_10_abb12,PC0,lick,1525.585838,1160
2022_06_10_abb12,PC0,lick,1525.721006,1161
2022_06_10_abb12,PC0,lick,1525.829304,1162
2022_06_10_abb12,PC0,lick,1525.979873,1163
2022_06_10_abb12,PC0,lick,1526.076539,1164
2022_06_10_abb12,PC0,lick,1526.200238,1165
2022_06_10_abb12,PC0,lick,1526.323937,1166
2022_06_10_abb12,PC0,lick,1526.451241,1167
2022_06_10_abb12,PC0,lick,1526.582804,1168
2022_06_10_abb12,PC0,lick,1526.729277,1169
2022_06_10_abb12,PC0,lick,1526.852977,1170
2022_06_10_abb12,PC0,lick,1526.984376,1171
2022_06_10_abb12,PC0,lick,1527.119053,1172
2022_06_10_abb12,PC0,lick,1527.242916,1173
2022_06_10_abb12,PC0,lick,1527.374479,1174
2022_06_10_abb12,PC0,lick,1527.517184,1175
2022_06_10_abb12,PC0,lick,1527.648748,1176
2022_06_10_abb12,PC0,lick,1527.783916,1177
2022_06_10_abb12,PC0,lick,1527.911055,1178
2022_06_10_abb12,PC0,lick,1528.042783,1179
2022_06_10_abb12,PC0,lick,1538.476114,1180
2022_06_10_abb12,PC0,lick,1538.595717,1181
2022_06_10_abb12,PC0,lick,1538.696315,1182
2022_06_10_abb12,PC0,lick,1538.850816,1183
2022_06_10_abb12,PC0,lick,1538.966651,1184
2022_06_10_abb12,PC0,lick,1552.994796,1185
2022_06_10_abb12,PC0,lick,1553.326572,1186
2022_06_10_abb12,PC0,lick,1553.46944,1187
2022_06_10_abb12,PC0,lick,1553.589699,1188
2022_06_10_abb12,PC0,lick,1553.705206,1189
2022_06_10_abb12,PC0,lick,1553.824809,1190
2022_06_10_abb12,PC0,lick,1553.940808,1191
2022_06_10_abb12,PC0,lick,1554.18411,1192
2022_06_10_abb12,PC0,lick,1554.558648,1193
2022_06_10_abb12,PC0,lick,1554.801787,1194
2022_06_10_abb12,PC0,lick,1555.045581,1195
2022_06_10_abb12,PC0,lick,1555.288719,1196
2022_06_10_abb12,PC2,highfive_period,400,1
2022_06_10_abb12,PC2,highfive_period,800,2
2022_06_10_abb12,PC2,highfive_period,1200,3
